{
  "project_info": {
    "project_number": "657121884305",
    "project_id": "sams-15066",
    "storage_bucket": "sams-15066.appspot.com"
  },
  "client": [
    {
      "client_info": {
        "mobilesdk_app_id": "1:657121884305:android:7b946a1111cbd5f317e730",
        "android_client_info": {
          "package_name": "com.example.sam"
        }
      },
      "oauth_client": [],
      "api_key": [
        {
          "current_key": "AIzaSyDzblw0ZM0C88AxVhL53Ou1qmhHCNttanw"
        }
      ],
      "services": {
        "appinvite_service": {
          "other_platform_oauth_client": []
        }
      }
    }
  ],
  "configuration_version": "1"
}